                  epoch,         train/box_loss,        train/pose_loss,        train/kobj_loss,         train/cls_loss,         train/dfl_loss,   metrics/precision(B),      metrics/recall(B),       metrics/mAP50(B),    metrics/mAP50-95(B),   metrics/precision(P),      metrics/recall(P),       metrics/mAP50(P),    metrics/mAP50-95(P),           val/box_loss,          val/pose_loss,          val/kobj_loss,           val/cls_loss,           val/dfl_loss,                 lr/pg0,                 lr/pg1,                 lr/pg2
                      1,                 3.3925,                 1.5365,                0.30075,                 7.6778,                 3.1472,                      0,                      0,                      0,                      0,                      0,                      0,                      0,                      0,                  3.317,                 2.0138,                 0.1254,                 6.2218,                 3.0797,               0.067344,             0.00032986,             0.00032986
                      2,                 2.1795,                0.94038,                 0.2226,                 1.6978,                 2.1502,                0.52409,                0.16903,                0.21904,                0.09283,                 0.5395,                  0.174,                0.24125,                0.12545,                  2.195,                 1.5191,                0.08296,                 3.7554,                 2.2312,               0.034344,             0.00066315,             0.00066315
                      3,                 1.5126,                0.75642,                0.19348,                 1.1298,                 1.5847,                0.69409,                0.49632,                0.54841,                  0.295,                  0.694,                0.52821,                0.57663,                0.33931,                 1.7956,                 1.4064,                0.08265,                 2.0953,                 1.8587,              0.0013435,             0.00099628,             0.00099628
                      4,                 1.1728,                0.57213,                0.14709,                0.87589,                 1.3266,                0.49349,                0.47701,                0.42212,                0.25946,                0.44874,                0.45414,                  0.349,                0.23552,                 1.4993,                 1.3394,                0.07821,                 3.0388,                 1.6298,             0.00099945,             0.00099945,             0.00099945
                      5,                 1.0049,                0.35058,                0.09047,                0.72132,                 1.1833,                0.80592,                0.56649,                0.64502,                0.40447,                0.78523,                0.55357,                0.61757,                0.50197,                 1.4873,                 0.8421,                 0.0161,                 1.9027,                 1.5859,             0.00099945,             0.00099945,             0.00099945
                      6,                0.89734,                0.29994,                0.08815,                0.62658,                 1.1209,                0.90094,                0.73254,                0.81023,                0.52132,                0.87989,                0.72293,                0.78903,                0.64204,                 1.3835,                0.80976,                 0.0405,                   1.16,                  1.548,             0.00099902,             0.00099902,             0.00099902
                      7,                0.80265,                0.26495,                0.08245,                0.55471,                 1.0653,                0.90717,                0.66145,                 0.7478,                0.52779,                0.86581,                0.63512,                0.69615,                0.59434,                 1.2358,                0.81722,                0.01814,                 1.3902,                 1.4019,             0.00099847,             0.00099847,             0.00099847
                      8,                0.76051,                0.22517,                0.07212,                0.52294,                 1.0353,                0.93236,                0.73322,                0.81022,                0.57708,                0.89293,                0.70669,                0.74892,                0.61109,                 1.1619,                0.83359,                0.03798,                 1.1622,                 1.3374,              0.0009978,              0.0009978,              0.0009978
                      9,                 0.7109,                0.20405,                0.06706,                0.48532,                 1.0055,                0.93422,                0.77313,                0.84918,                0.60353,                0.91459,                0.77007,                0.83137,                0.71521,                 1.1174,                0.63774,                0.01997,                0.96034,                 1.3055,             0.00099701,             0.00099701,             0.00099701
                     10,                0.67507,                 0.1873,                 0.0654,                0.46532,                0.98901,                0.94185,                0.78797,                0.86805,                0.62663,                0.91131,                0.76624,                0.81707,                0.68892,                 1.1066,                0.74001,                0.02274,                0.92542,                 1.3064,              0.0009961,              0.0009961,              0.0009961
                     11,                0.66123,                0.17027,                0.06423,                0.44926,                0.97655,                0.93133,                0.67421,                0.77101,                0.55477,                0.89041,                0.65233,                 0.7228,                 0.6023,                 1.1019,                0.83293,                0.02223,                 1.2658,                 1.3117,             0.00099506,             0.00099506,             0.00099506
                     12,                0.64333,                0.17067,                0.06647,                0.44111,                0.97439,                0.94353,                0.70967,                0.78979,                0.59188,                0.92542,                0.69674,                 0.7647,                 0.6743,                 1.0674,                0.65333,                0.01184,                 1.1249,                 1.2723,             0.00099391,             0.00099391,             0.00099391
                     13,                0.61157,                0.17372,                0.06269,                 0.4297,                0.96615,                0.95125,                0.78996,                0.87484,                0.65426,                0.91602,                0.75814,                0.81386,                0.71359,                 1.0276,                0.75024,                0.01572,                0.84082,                 1.2557,             0.00099263,             0.00099263,             0.00099263
                     14,                0.58389,                0.15335,                0.06063,                0.40005,                0.93982,                0.92532,                0.74845,                0.82242,                0.59665,                0.91305,                0.73868,                0.79932,                0.70191,                 1.0877,                0.66014,                0.02354,                 1.0606,                 1.2935,             0.00099123,             0.00099123,             0.00099123
                     15,                0.57309,                0.15232,                0.06037,                0.39612,                 0.9409,                0.92944,                 0.7531,                0.84354,                0.63974,                0.90962,                0.73975,                0.81568,                0.72189,                 1.0553,                0.68552,                0.02609,                 1.1204,                  1.257,             0.00098972,             0.00098972,             0.00098972
                     16,                0.57521,                0.13254,                0.05301,                0.39283,                0.94253,                0.92734,                 0.7709,                0.84289,                 0.6514,                0.90764,                0.75726,                0.81545,                0.73716,                0.95295,                0.57943,                0.01551,                0.92071,                  1.195,             0.00098808,             0.00098808,             0.00098808
                     17,                0.55046,                0.17353,                0.05883,                0.37509,                0.91203,                0.92949,                0.73925,                0.81926,                0.62964,                0.89584,                0.70793,                0.76465,                0.69152,                 1.0071,                 0.7407,                0.02328,                 1.1153,                  1.232,             0.00098632,             0.00098632,             0.00098632
                     18,                0.53768,                0.13367,                0.04237,                0.36815,                0.91083,                0.94388,                0.76093,                 0.8533,                0.66917,                0.91581,                0.74522,                0.82048,                0.74352,                0.93182,                0.67787,                0.02493,                0.93678,                 1.1744,             0.00098445,             0.00098445,             0.00098445
                     19,                0.52975,                0.12973,                0.05826,                0.36648,                0.92219,                0.95183,                0.79617,                 0.8735,                0.67236,                0.92312,                0.78175,                0.83399,                0.75597,                0.92039,                0.55735,                0.01423,                0.78784,                 1.1748,             0.00098246,             0.00098246,             0.00098246
                     20,                0.52112,                0.12197,                0.04963,                0.36035,                0.91361,                0.91781,                0.74348,                 0.8227,                0.64296,                0.90633,                0.72434,                0.79381,                0.71714,                0.94498,                0.64241,                0.02204,                0.92536,                 1.1976,             0.00098035,             0.00098035,             0.00098035
                     21,                0.51192,                0.13874,                0.05087,                0.35942,                0.90603,                0.94036,                0.76485,                0.83666,                0.65272,                0.92049,                 0.7487,                0.80958,                 0.7347,                0.95166,                0.60566,                0.02261,                0.95927,                 1.1923,             0.00097812,             0.00097812,             0.00097812
                     22,                0.49827,                0.13084,                0.04442,                0.35292,                0.89179,                0.94308,                0.75391,                0.83317,                0.64451,                0.92262,                0.74522,                 0.8089,                0.72486,                0.97115,                0.63204,                0.01721,                 1.0032,                 1.1971,             0.00097577,             0.00097577,             0.00097577
                     23,                0.50474,                0.14395,                0.04787,                0.34609,                0.89857,                0.94304,                0.79833,                0.87102,                0.68839,                0.92415,                0.78441,                0.84396,                0.76945,                0.86878,                0.57173,                0.01583,                0.72364,                 1.1538,             0.00097331,             0.00097331,             0.00097331
                     24,                0.48489,                0.10784,                0.04259,                0.33864,                0.89542,                0.95712,                0.80587,                0.88562,                0.69568,                0.93701,                0.78921,                0.85694,                0.77757,                0.90069,                0.56855,                0.01457,                0.74203,                 1.1659,             0.00097074,             0.00097074,             0.00097074
                     25,                0.47897,                0.10342,                0.03246,                0.33311,                  0.892,                0.92768,                0.78871,                 0.8672,                0.67986,                0.90656,                0.77281,                0.83348,                0.75941,                0.89764,                0.55274,                0.01037,                0.74467,                 1.1696,             0.00096804,             0.00096804,             0.00096804
                     26,                0.46082,                0.12688,                0.03434,                0.32091,                0.88333,                0.95691,                0.82053,                0.90046,                0.70178,                0.93807,                0.80437,                0.87314,                0.77763,                 0.8983,                0.58098,                0.02614,                0.66728,                 1.1655,             0.00096524,             0.00096524,             0.00096524
                     27,                0.47707,                0.10297,                0.03164,                0.33455,                0.88996,                0.95499,                0.81009,                0.88094,                0.69358,                0.92667,                0.78673,                0.83505,                0.76091,                  0.892,                0.57498,                0.01669,                 0.7303,                  1.173,             0.00096232,             0.00096232,             0.00096232
                     28,                0.45662,                0.10619,                0.02719,                0.31127,                0.87514,                0.95274,                0.80065,                0.87449,                0.69646,                0.93399,                0.78573,                0.84623,                0.77973,                0.88074,                0.55284,                0.01138,                0.81724,                 1.1382,             0.00095929,             0.00095929,             0.00095929
                     29,                0.46713,                0.11822,                0.03429,                0.32445,                0.88992,                0.96549,                0.82072,                0.89364,                 0.7106,                0.93953,                0.80462,                0.85871,                0.78617,                0.86207,                0.54857,                0.01634,                0.69683,                 1.1236,             0.00095614,             0.00095614,             0.00095614
                     30,                0.45259,                0.09809,                0.02785,                0.31889,                0.88043,                0.96702,                0.83246,                0.89995,                0.72211,                0.94323,                0.81481,                  0.865,                0.79545,                0.83636,                0.48727,                0.01632,                0.66335,                  1.109,             0.00095289,             0.00095289,             0.00095289
                     31,                0.44789,                0.10371,                0.03032,                0.31439,                0.87352,                 0.9535,                0.82302,                0.89625,                0.71108,                0.93766,                0.80935,                0.87242,                0.79709,                0.87612,                0.52442,                0.01554,                0.68011,                 1.1576,             0.00094952,             0.00094952,             0.00094952
                     32,                0.44773,                0.11056,                0.03377,                0.30875,                0.87502,                0.95918,                0.81655,                0.87437,                0.70189,                0.94388,                0.80437,                0.84981,                0.78135,                0.85728,                0.52349,                0.01092,                0.71585,                 1.1338,             0.00094605,             0.00094605,             0.00094605
                     33,                0.43792,                 0.0937,                0.03578,                0.30453,                0.87122,                0.96023,                0.80412,                0.87872,                0.70964,                0.94165,                0.78896,                0.85112,                0.79208,                0.82074,                0.50855,                0.01631,                0.72584,                 1.1071,             0.00094246,             0.00094246,             0.00094246
                     34,                0.41756,                0.09639,                0.02538,                0.29385,                0.86051,                0.95597,                0.79418,                0.88493,                0.71406,                0.92222,                0.76858,                0.83242,                0.76122,                0.84559,                  0.563,                0.00618,                0.71501,                 1.1284,             0.00093877,             0.00093877,             0.00093877
                     35,                0.44299,                0.09083,                0.03351,                0.30604,                 0.8739,                0.95389,                0.83297,                0.90375,                0.73139,                0.93654,                  0.818,                0.87683,                0.81169,                0.81981,                 0.4792,                0.00628,                0.65089,                 1.1184,             0.00093497,             0.00093497,             0.00093497
                     36,                0.42532,                0.08959,                0.02819,                0.30388,                 0.8706,                0.94561,                0.80089,                0.88967,                0.70495,                0.93025,                0.78971,                0.86697,                0.80066,                0.91227,                0.50234,                0.01958,                0.81743,                 1.1677,             0.00093107,             0.00093107,             0.00093107
                     37,                0.42508,                0.12162,                0.03312,                0.29759,                0.87099,                0.95805,                0.84067,                 0.9029,                0.71933,                0.92081,                0.81219,                0.84396,                0.76903,                0.83971,                0.57771,                0.01028,                0.60384,                 1.1132,             0.00092706,             0.00092706,             0.00092706
                     38,                0.42194,                 0.1058,                0.03157,                0.29305,                0.86294,                0.96025,                0.83466,                0.89958,                0.71966,                0.93508,                0.81279,                 0.8581,                0.78436,                 0.8382,                0.55462,                0.00868,                0.64686,                 1.1167,             0.00092294,             0.00092294,             0.00092294
                     39,                0.41333,                0.07835,                0.03029,                0.28817,                0.85784,                0.96498,                  0.815,                0.89247,                0.72625,                0.94268,                0.79301,                0.85441,                0.79236,                0.80388,                0.49382,                0.00569,                0.69387,                 1.1049,             0.00091872,             0.00091872,             0.00091872
                     40,                0.41679,                0.08359,                0.02633,                0.29233,                0.86014,                0.95273,                0.82657,                0.90354,                0.72718,                0.92918,                 0.8153,                0.87686,                0.80779,                0.83302,                0.47751,                0.00908,                0.66003,                 1.1183,              0.0009144,              0.0009144,              0.0009144
                     41,                 0.4082,                0.10992,                0.03706,                0.28475,                0.85494,                0.95841,                0.84166,                0.90742,                 0.7381,                 0.9403,                0.82575,                 0.8791,                0.81105,                0.80759,                0.47163,                0.01077,                0.63231,                 1.0892,             0.00090998,             0.00090998,             0.00090998
                     42,                0.40689,                0.09237,                0.03348,                 0.2848,                0.85885,                0.94616,                0.84302,                 0.9058,                0.73569,                0.91823,                0.81785,                0.85938,                0.79215,                 0.8115,                0.48541,                0.00923,                 0.6215,                 1.0959,             0.00090546,             0.00090546,             0.00090546
                     43,                0.39976,                0.10279,                0.02164,                0.28531,                0.85208,                0.95905,                0.82873,                 0.9101,                0.73623,                 0.9226,                0.81187,                 0.8644,                0.78734,                0.83305,                 0.5676,                0.00996,                0.66651,                 1.1111,             0.00090084,             0.00090084,             0.00090084
                     44,                0.41838,                 0.1165,                0.03675,                0.28844,                 0.8605,                0.96133,                0.80537,                0.88774,                0.73013,                0.94164,                0.78822,                0.85516,                0.78211,                0.79191,                0.54682,                0.01455,                0.75891,                 1.0883,             0.00089613,             0.00089613,             0.00089613
                     45,                0.41043,                 0.0747,                0.02763,                0.29248,                0.86997,                0.95299,                0.82133,                0.90289,                0.74265,                0.92732,                0.79921,                0.86187,                0.79293,                0.78438,                0.55179,                0.00663,                0.64179,                  1.077,             0.00089131,             0.00089131,             0.00089131
                     46,                0.40063,                0.07859,                0.02658,                0.28256,                0.85659,                0.96808,                0.82451,                 0.8845,                0.71427,                0.94667,                0.80753,                0.85053,                0.77814,                0.79851,                 0.4851,                0.01139,                0.65308,                 1.0831,              0.0008864,              0.0008864,              0.0008864
                     47,                 0.3921,                 0.0891,                0.01756,                0.27634,                0.85092,                0.97541,                0.82829,                0.91074,                0.74298,                0.94928,                0.80785,                0.87321,                0.81146,                0.78017,                0.48005,                0.00864,                 0.5986,                 1.0683,              0.0008814,              0.0008814,              0.0008814
                     48,                0.39179,                0.08507,                0.02837,                0.28032,                 0.8562,                0.94038,                0.78325,                0.87397,                0.72006,                0.92619,                0.76111,                0.84336,                0.78717,                0.80086,                0.47389,                0.01213,                0.74302,                 1.0882,              0.0008763,              0.0008763,              0.0008763
                     49,                0.37853,                0.07594,                0.02754,                0.26888,                0.84713,                0.95466,                0.85301,                0.91434,                0.74037,                 0.9374,                0.83752,                0.88505,                0.80928,                0.80668,                  0.473,                0.00609,                0.59308,                 1.0812,             0.00087112,             0.00087112,             0.00087112
                     50,                0.38527,                0.07995,                0.02514,                0.26739,                0.85062,                0.96501,                0.79527,                0.87699,                0.71696,                 0.9457,                0.77753,                 0.8467,                 0.7794,                 0.7996,                0.53009,                0.01038,                 0.7346,                 1.0944,             0.00086584,             0.00086584,             0.00086584
                     51,                0.38701,                 0.0955,                0.02871,                0.26823,                0.85114,                0.95928,                0.82577,                0.89573,                0.72985,                0.94378,                0.80945,                0.86469,                0.79493,                0.80288,                0.47282,                0.00824,                 0.6419,                 1.0858,             0.00086047,             0.00086047,             0.00086047
                     52,                0.38069,                0.08011,                0.02025,                0.26768,                0.84387,                0.96324,                0.81954,                0.89591,                0.73283,                0.93696,                0.80168,                0.86047,                0.79357,                  0.777,                0.48699,                0.00903,                0.62801,                 1.0741,             0.00085502,             0.00085502,             0.00085502
                     53,                0.38116,                0.07194,                0.02833,                0.27224,                0.84876,                0.96222,                0.84202,                0.91306,                0.76179,                0.94688,                 0.8286,                0.88553,                0.82795,                0.76309,                0.45672,                0.01128,                0.63673,                 1.0598,             0.00084948,             0.00084948,             0.00084948
                     54,                0.36432,                 0.0809,                0.02329,                0.25836,                0.84015,                0.96385,                0.84822,                 0.9058,                0.73793,                0.94541,                0.82998,                0.87113,                0.80548,                 0.7837,                0.46988,                  0.007,                0.60775,                 1.0781,             0.00084385,             0.00084385,             0.00084385
                     55,                0.37478,                0.07407,                0.02658,                0.25909,                0.84312,                0.97062,                0.83751,                0.90062,                0.73489,                0.95244,                0.82202,                0.86931,                0.80146,                 0.7865,                0.46312,                0.01203,                0.60306,                 1.0779,             0.00083814,             0.00083814,             0.00083814
                     56,                0.35858,                0.07033,                0.02102,                0.25242,                0.82783,                0.95904,                0.79045,                0.88085,                0.72919,                0.94132,                0.77761,                0.85428,                0.79334,                0.80165,                0.50785,                0.01327,                0.77117,                 1.0785,             0.00083235,             0.00083235,             0.00083235
                     57,                0.36602,                0.10111,                0.03016,                0.25859,                 0.8349,                0.96928,                0.84715,                0.91746,                0.75631,                0.95253,                0.83297,                0.89231,                0.82974,                 0.7952,                0.44883,                0.00789,                0.57391,                 1.0856,             0.00082648,             0.00082648,             0.00082648
                     58,                0.37887,                 0.0718,                0.02221,                0.26091,                 0.8413,                 0.9724,                0.86503,                0.92596,                0.76771,                0.95047,                0.84539,                0.89244,                0.83373,                0.76629,                0.46368,                0.00917,                0.56123,                  1.057,             0.00082052,             0.00082052,             0.00082052
                     59,                0.36053,                 0.0854,                0.01616,                0.25169,                0.84079,                0.95926,                0.82525,                0.91015,                0.75779,                0.94383,                0.81258,                0.88624,                0.82993,                0.77311,                0.43163,                0.00836,                0.67001,                   1.06,              0.0008145,              0.0008145,              0.0008145
                     60,                0.37071,                0.06406,                0.02839,                0.25723,                0.83618,                 0.9741,                0.85633,                0.92072,                0.76163,                0.95424,                0.84091,                0.88931,                0.82597,                0.76897,                0.45072,                0.00632,                0.55147,                 1.0681,             0.00080839,             0.00080839,             0.00080839
                     61,                0.35542,                0.07841,                0.02208,                0.24806,                0.83595,                0.96619,                0.85939,                0.93027,                0.77105,                0.95017,                0.84489,                0.90147,                0.84692,                0.78244,                0.41578,                0.00455,                0.54376,                 1.0776,             0.00080221,             0.00080221,             0.00080221
                     62,                0.35657,                0.08149,                0.02273,                0.24856,                 0.8378,                0.97786,                0.84191,                0.91859,                 0.7712,                 0.9597,                0.82872,                0.89443,                0.83786,                0.75134,                0.41073,                0.00632,                0.59962,                 1.0555,             0.00079595,             0.00079595,             0.00079595
                     63,                0.36002,                0.06301,                 0.0219,                0.25377,                0.83713,                0.97365,                0.85404,                0.92816,                0.76376,                0.95286,                0.83768,                0.89431,                0.82551,                0.78438,                0.46164,                0.00611,                0.53337,                 1.0896,             0.00078963,             0.00078963,             0.00078963
                     64,                0.34951,                0.08753,                0.02769,                0.25035,                0.83632,                 0.9644,                0.85523,                0.92766,                0.77359,                 0.9493,                0.84236,                0.90371,                 0.8434,                0.76833,                0.43065,                0.00587,                0.57461,                 1.0711,             0.00078323,             0.00078323,             0.00078323
                     65,                0.34855,                0.06754,                 0.0224,                0.24696,                0.83485,                0.97542,                0.84836,                 0.9199,                0.76336,                0.95856,                0.83495,                 0.8928,                 0.8308,                0.76167,                0.42817,                0.00578,                0.55528,                 1.0687,             0.00077677,             0.00077677,             0.00077677
                     66,                0.35147,                0.07917,                 0.0228,                0.24678,                0.83243,                0.97125,                0.84241,                0.92349,                0.77377,                0.95993,                0.82174,                 0.8951,                0.83742,                0.75256,                0.43131,                0.00798,                0.56684,                 1.0646,             0.00077023,             0.00077023,             0.00077023
                     67,                0.34874,                0.08164,                0.02243,                0.24078,                0.83244,                0.97056,                0.85334,                0.92305,                 0.7749,                0.95111,                0.83644,                 0.8914,                0.83522,                 0.7512,                0.42126,                 0.0057,                0.55065,                  1.068,             0.00076364,             0.00076364,             0.00076364
                     68,                0.35565,                0.08328,                0.02232,                 0.2413,                0.82916,                0.97239,                0.83893,                0.91097,                0.75921,                0.95664,                0.82501,                0.88445,                0.83103,                0.77242,                0.41912,                0.00586,                0.61696,                 1.0636,             0.00075698,             0.00075698,             0.00075698
                     69,                0.33839,                0.08112,                0.03102,                0.23743,                 0.8242,                0.97188,                  0.842,                0.91422,                0.76562,                0.95237,                 0.8251,                0.88326,                0.82896,                0.74942,                0.42522,                0.00839,                0.57406,                 1.0545,             0.00075025,             0.00075025,             0.00075025
                     70,                0.34377,                0.07031,                0.01929,                0.23859,                0.82895,                0.96893,                 0.8528,                0.92626,                0.77198,                0.95085,                0.83672,                0.89738,                0.83537,                0.74932,                0.42198,                0.00495,                 0.5184,                 1.0593,             0.00074347,             0.00074347,             0.00074347
                     71,                0.35179,                0.07082,                0.02392,                0.24049,                0.83164,                 0.9767,                0.86501,                0.93111,                  0.782,                0.95176,                0.84345,                0.89415,                 0.8362,                0.74224,                0.42955,                0.00513,                0.53349,                 1.0515,             0.00073663,             0.00073663,             0.00073663
                     72,                0.33615,                0.06505,                0.02297,                0.24011,                0.82697,                0.96644,                0.85907,                0.92752,                0.78038,                0.94674,                0.84395,                0.89852,                0.84455,                0.75098,                0.41875,                0.00591,                 0.5462,                 1.0635,             0.00072973,             0.00072973,             0.00072973
                     73,                0.33536,                0.07638,                0.02359,                 0.2357,                0.83119,                0.97448,                0.84492,                0.92477,                0.77752,                  0.957,                0.82975,                 0.8979,                0.84917,                0.75058,                0.41355,                 0.0071,                0.58166,                 1.0552,             0.00072277,             0.00072277,             0.00072277
                     74,                0.33131,                0.07008,                0.02365,                 0.2374,                0.82911,                 0.9727,                0.84787,                0.92417,                0.76886,                0.95236,                0.83478,                0.89554,                0.83537,                0.76702,                0.41892,                0.00527,                0.56149,                   1.07,             0.00071576,             0.00071576,             0.00071576
                     75,                0.33828,                0.06116,                0.02091,                0.23593,                0.83393,                0.96995,                0.86801,                0.93446,                0.78448,                0.95171,                0.85235,                0.90359,                0.85045,                 0.7524,                0.41062,                0.00555,                0.54051,                 1.0513,              0.0007087,              0.0007087,              0.0007087
                     76,                  0.333,                0.06744,                0.01956,                0.23044,                0.82568,                0.97195,                0.87074,                0.93147,                0.77905,                0.95187,                0.85285,                0.89776,                 0.8328,                0.73753,                0.44249,                0.00569,                0.48634,                 1.0554,             0.00070159,             0.00070159,             0.00070159
                     77,                0.33386,                0.07992,                0.02058,                0.23327,                0.82832,                0.98189,                0.82209,                0.91527,                0.76738,                0.94546,                0.82426,                0.89034,                0.83262,                0.74965,                0.42445,                0.00522,                0.59334,                 1.0526,             0.00069443,             0.00069443,             0.00069443
                     78,                0.33767,                0.06156,                0.02077,                0.23271,                0.83205,                0.95548,                0.85892,                0.92804,                0.77858,                0.93553,                0.84044,                0.89503,                0.84514,                0.74756,                0.41208,                0.00472,                 0.5483,                 1.0619,             0.00068722,             0.00068722,             0.00068722
                     79,                 0.3339,                0.07129,                0.02865,                0.23538,                0.83228,                0.97512,                0.84749,                0.93203,                0.78486,                0.95296,                0.82799,                0.89955,                0.85177,                0.74644,                0.40865,                0.00479,                0.54415,                   1.06,             0.00067997,             0.00067997,             0.00067997
                     80,                0.33255,                0.06597,                 0.0247,                0.22982,                0.82661,                0.96787,                 0.8611,                0.93447,                 0.7901,                0.95134,                0.84552,                0.90503,                0.85681,                0.73304,                0.39883,                0.00557,                0.54355,                  1.049,             0.00067268,             0.00067268,             0.00067268
                     81,                0.32657,                0.07072,                0.01619,                0.22711,                0.82311,                0.97019,                0.85745,                0.93058,                0.78786,                0.94818,                0.83843,                0.89798,                0.84815,                0.72565,                0.41839,                0.00678,                 0.5318,                 1.0467,             0.00066534,             0.00066534,             0.00066534
                     82,                0.33416,                0.06727,                0.02372,                0.22822,                0.82562,                0.97239,                0.86652,                0.93465,                0.78699,                0.95286,                0.84912,                 0.9054,                0.85644,                0.73769,                0.41006,                0.00619,                0.52817,                 1.0514,             0.00065796,             0.00065796,             0.00065796
                     83,                0.32606,                0.05396,                0.02285,                0.22931,                0.82737,                0.98265,                0.84476,                0.92364,                0.77635,                0.95704,                0.83616,                0.89431,                0.84383,                0.74179,                0.39584,                0.00526,                0.54838,                 1.0551,             0.00065055,             0.00065055,             0.00065055
                     84,                0.32944,                0.05965,                0.01852,                0.22686,                0.82339,                0.97782,                0.84361,                0.92528,                 0.7782,                0.95563,                0.82442,                0.89174,                0.83866,                0.74206,                0.41048,                  0.005,                 0.5399,                 1.0533,              0.0006431,              0.0006431,              0.0006431
                     85,                0.31986,                0.06407,                0.01687,                0.21934,                0.82425,                0.97472,                0.83992,                  0.926,                0.78378,                0.94777,                0.82625,                0.89721,                0.84793,                0.73187,                0.41443,                0.00572,                0.56458,                 1.0491,             0.00063562,             0.00063562,             0.00063562
                     86,                0.32065,                0.07366,                0.02296,                0.22388,                0.82182,                0.96694,                0.85798,                0.93833,                0.79121,                0.94737,                0.84638,                0.91122,                0.85975,                0.74586,                0.39801,                 0.0054,                0.51274,                 1.0541,              0.0006281,              0.0006281,              0.0006281
                     87,                0.31892,                0.05845,                0.01932,                0.22277,                0.81923,                0.96962,                0.85681,                0.93784,                0.79113,                0.95253,                 0.8429,                0.91068,                0.85892,                0.74146,                0.40071,                0.00422,                0.53089,                 1.0496,             0.00062056,             0.00062056,             0.00062056
                     88,                0.30935,                 0.0753,                0.02226,                0.21564,                0.82016,                0.95967,                0.84763,                0.92693,                0.77829,                0.94503,                 0.8347,                0.90295,                0.84893,                0.75903,                0.38876,                0.00488,                0.57298,                 1.0609,             0.00061298,             0.00061298,             0.00061298
                     89,                0.31767,                0.06269,                0.02692,                0.22125,                0.82498,                0.97149,                0.84464,                0.92715,                0.77809,                0.95025,                0.83545,                 0.9005,                0.85183,                0.75282,                0.38657,                 0.0053,                0.56747,                 1.0548,             0.00060538,             0.00060538,             0.00060538
                     90,                0.31294,                0.06619,                0.01575,                0.21631,                0.81773,                0.96683,                0.85483,                0.93321,                0.78691,                0.94753,                0.83942,                0.90548,                0.85463,                0.74289,                0.39536,                0.00556,                0.54756,                 1.0514,             0.00059775,             0.00059775,             0.00059775
                     91,                0.31528,                0.05218,                0.02111,                0.21489,                0.81442,                0.97091,                0.86271,                0.93686,                0.78924,                0.95275,                0.84699,                0.90849,                0.85962,                0.74958,                0.39713,                0.00507,                0.54542,                 1.0583,              0.0005901,              0.0005901,              0.0005901
                     92,                0.31238,                0.04973,                0.01718,                0.21696,                0.81778,                0.97285,                 0.8551,                0.93452,                0.78677,                0.95657,                0.83917,                0.90832,                0.85428,                 0.7494,                0.39312,                 0.0043,                0.54498,                 1.0592,             0.00058244,             0.00058244,             0.00058244
                     93,                0.31236,                0.04944,                0.01539,                0.21526,                0.82041,                0.97418,                0.85345,                 0.9326,                0.78456,                0.95782,                0.83967,                0.90754,                0.85338,                0.74755,                0.39083,                0.00476,                0.54391,                 1.0544,             0.00057475,             0.00057475,             0.00057475
                     94,                0.30718,                0.06066,                 0.0192,                0.21562,                0.82094,                0.97421,                0.85086,                0.92297,                0.77574,                0.95726,                0.83669,                0.89855,                0.84068,                0.74083,                0.38985,                0.00423,                0.53785,                 1.0513,             0.00056704,             0.00056704,             0.00056704
                     95,                0.31318,                0.06342,                0.02018,                0.21251,                0.81486,                0.96957,                 0.8634,                0.93378,                0.78625,                0.95366,                0.84917,                0.90915,                0.85458,                0.74199,                0.38707,                0.00472,                 0.5213,                 1.0517,             0.00055932,             0.00055932,             0.00055932
                     96,                0.30671,                 0.0605,                0.02092,                0.21136,                0.81683,                0.97513,                 0.8521,                0.92752,                0.78096,                0.95767,                0.83743,                0.90091,                0.84802,                0.74004,                0.39596,                0.00448,                0.53657,                 1.0489,             0.00055158,             0.00055158,             0.00055158
                     97,                0.30074,                 0.0608,                0.01753,                 0.2119,                0.80887,                0.97329,                0.86453,                0.93431,                0.78468,                0.95382,                0.84706,                0.90552,                0.85147,                0.74201,                0.40292,                0.00486,                0.51281,                 1.0531,             0.00054384,             0.00054384,             0.00054384
                     98,                0.30649,                 0.0525,                 0.0174,                0.21383,                0.81457,                0.97902,                0.85818,                0.93611,                  0.787,                0.95065,                0.85011,                0.90863,                0.85232,                0.74057,                0.39084,                0.00444,                 0.5127,                 1.0525,             0.00053608,             0.00053608,             0.00053608
                     99,                0.31072,                0.04825,                0.01501,                0.21769,                0.81949,                0.96549,                0.86826,                0.93675,                0.78953,                0.94915,                0.85378,                0.90846,                0.85713,                0.74587,                0.38983,                0.00491,                0.52386,                 1.0524,             0.00052832,             0.00052832,             0.00052832
                    100,                0.31669,                0.04527,                0.01416,                0.21922,                0.81992,                0.96432,                0.87149,                0.94035,                0.79335,                0.94671,                0.85558,                 0.9113,                0.86249,                0.74136,                0.38985,                0.00387,                0.51265,                 1.0537,             0.00052055,             0.00052055,             0.00052055
                    101,                0.29354,                0.04859,                0.01605,                0.20964,                0.81489,                0.97265,                0.85739,                0.93655,                0.79173,                  0.941,                0.85384,                0.90863,                0.85928,                0.73857,                0.38323,                0.00434,                0.52456,                 1.0488,             0.00051278,             0.00051278,             0.00051278
                    102,                0.30307,                0.05852,                 0.0152,                 0.2112,                0.81928,                 0.9619,                0.85966,                  0.932,                0.78794,                0.94544,                0.84589,                0.90568,                0.85598,                0.74148,                0.39302,                0.00421,                0.54951,                  1.051,               0.000505,               0.000505,               0.000505
                    103,                0.29893,                0.04582,                0.01603,                0.20477,                 0.8153,                  0.966,                0.86165,                 0.9345,                0.78956,                0.95151,                0.84872,                 0.9102,                0.85945,                0.74447,                0.38634,                0.00486,                0.54935,                 1.0508,             0.00049722,             0.00049722,             0.00049722
                    104,                0.30623,                0.05279,                0.01648,                0.21189,                0.81145,                0.96532,                0.85808,                0.93212,                0.78699,                0.95043,                 0.8434,                0.90752,                0.85644,                0.74552,                0.38254,                0.00486,                0.54378,                 1.0519,             0.00048945,             0.00048945,             0.00048945
                    105,                0.29339,                0.05761,                0.01268,                  0.205,                0.81401,                0.96831,                0.85072,                0.93134,                0.78737,                0.94944,                0.83818,                0.90453,                0.85427,                0.74835,                0.39302,                0.00459,                0.54139,                 1.0542,             0.00048168,             0.00048168,             0.00048168
                    106,                0.29961,                0.04311,                0.01641,                0.20675,                0.81019,                 0.9781,                0.84359,                0.92837,                0.78595,                0.95879,                0.82694,                0.90114,                0.85279,                 0.7511,                0.39451,                0.00496,                0.54616,                 1.0585,             0.00047392,             0.00047392,             0.00047392
                    107,                0.29375,                0.05032,                0.02333,                0.20232,                0.81051,                0.96674,                0.85483,                0.92967,                0.78821,                0.94805,                0.83843,                0.90105,                0.85499,                0.74825,                0.39719,                0.00544,                0.55869,                 1.0552,             0.00046616,             0.00046616,             0.00046616
                    108,                0.29324,                0.04787,                 0.0194,                 0.2041,                 0.8179,                0.96812,                0.85906,                  0.932,                0.78806,                 0.9486,                0.84191,                 0.9034,                0.85395,                0.74506,                0.39908,                0.00495,                0.53293,                 1.0536,             0.00045842,             0.00045842,             0.00045842
                    109,                0.29109,                 0.0578,                0.02078,                0.20552,                0.81629,                0.97279,                0.85931,                0.93227,                0.78883,                0.95384,                0.84265,                0.90361,                0.85361,                0.74559,                0.40289,                0.00465,                0.53436,                  1.055,             0.00045068,             0.00045068,             0.00045068
                    110,                0.29712,                0.03831,                0.01586,                0.21005,                0.81075,                0.96559,                0.86486,                0.93218,                0.78691,                0.94755,                 0.8487,                0.90431,                0.85455,                0.74607,                0.40075,                0.00423,                0.53538,                 1.0579,             0.00044296,             0.00044296,             0.00044296
                    111,                 0.2957,                0.04894,                0.01623,                0.20294,                0.81353,                0.96629,                0.86921,                0.93593,                0.79002,                0.94693,                0.85165,                0.90643,                0.85765,                0.74715,                0.40007,                0.00386,                0.52137,                 1.0629,             0.00043525,             0.00043525,             0.00043525
                    112,                 0.2965,                0.05234,                0.01615,                0.20259,                0.81753,                0.96838,                0.86925,                0.93538,                0.78902,                0.94982,                 0.8516,                0.90576,                0.85715,                0.74569,                0.40327,                0.00358,                0.52426,                 1.0611,             0.00042756,             0.00042756,             0.00042756
                    113,                0.28924,                0.04341,                0.01878,                0.20206,                0.81192,                0.96866,                0.86823,                0.93507,                0.78917,                0.94868,                0.85086,                 0.9059,                0.85734,                0.74479,                0.39995,                0.00388,                0.52858,                 1.0611,              0.0004199,              0.0004199,              0.0004199
                    114,                0.29184,                0.04701,                 0.0152,                0.20439,                0.81241,                0.96793,                0.87015,                0.93466,                0.78741,                0.94809,                0.85508,                0.90711,                0.85669,                0.74093,                0.39506,                0.00386,                0.51939,                 1.0567,             0.00041225,             0.00041225,             0.00041225
                    115,                  0.291,                 0.0527,                0.01557,                0.20046,                 0.8181,                0.96614,                0.87228,                0.93484,                0.78805,                0.94614,                0.85591,                0.90611,                0.85608,                0.73828,                 0.3974,                0.00365,                0.51533,                 1.0555,             0.00040462,             0.00040462,             0.00040462
                    116,                0.28109,                0.04337,                0.01549,                0.19542,                0.80863,                0.96501,                0.86369,                0.93299,                0.78809,                0.94446,                0.84539,                0.90318,                0.85566,                0.73822,                 0.3979,                0.00369,                0.52178,                 1.0536,             0.00039702,             0.00039702,             0.00039702
                    117,                0.29336,                0.04279,                0.01477,                0.20013,                 0.8081,                0.96337,                0.86289,                0.93176,                0.78825,                0.94587,                0.84702,                0.90549,                0.85686,                0.73762,                0.38952,                0.00365,                0.52451,                  1.052,             0.00038944,             0.00038944,             0.00038944
                    118,                 0.2845,                0.04616,                0.01501,                0.19633,                0.80659,                0.96703,                 0.8608,                0.93228,                0.79026,                0.94661,                0.84624,                0.90461,                 0.8577,                0.73691,                0.38445,                0.00344,                0.52378,                 1.0507,              0.0003819,              0.0003819,              0.0003819
                    119,                0.27867,                0.04927,                0.01291,                0.19585,                 0.8025,                0.96436,                0.86353,                0.93205,                0.78894,                0.94718,                0.84694,                0.90441,                0.85652,                0.73741,                 0.3847,                0.00348,                 0.5231,                  1.052,             0.00037438,             0.00037438,             0.00037438
                    120,                0.28686,                0.05192,                0.01561,                 0.1955,                 0.8181,                0.96614,                 0.8652,                0.93255,                0.79122,                0.94544,                0.84937,                0.90449,                0.85664,                0.73781,                0.38376,                0.00356,                0.52449,                 1.0529,              0.0003669,              0.0003669,              0.0003669
                    121,                0.28278,                0.04368,                0.01416,                0.19647,                0.80628,                0.96883,                0.86539,                0.93492,                0.79258,                0.94514,                0.85061,                0.90498,                0.85833,                0.73607,                0.37925,                0.00319,                0.52202,                 1.0512,             0.00035945,             0.00035945,             0.00035945
                    122,                0.27863,                0.05369,                0.01945,                 0.1918,                0.80946,                0.97875,                 0.8587,                0.93531,                0.79226,                0.95556,                0.84446,                0.90637,                0.85966,                0.73638,                0.37712,                0.00296,                0.51459,                  1.052,             0.00035204,             0.00035204,             0.00035204
                    123,                0.27969,                0.03569,                0.01177,                0.19053,                0.80453,                0.97146,                0.86318,                0.93547,                0.79341,                0.95089,                  0.847,                0.90606,                0.85971,                0.73399,                0.37794,                 0.0031,                0.51378,                 1.0512,             0.00034466,             0.00034466,             0.00034466
                    124,                0.27399,                 0.0499,                0.01863,                0.19042,                0.80727,                0.97449,                0.86397,                0.93634,                0.79443,                0.94953,                0.84887,                 0.9076,                0.86141,                0.73377,                0.38039,                0.00334,                0.51429,                 1.0501,             0.00033732,             0.00033732,             0.00033732
                    125,                0.27583,                0.05291,                0.01823,                0.19193,                0.80798,                0.96969,                0.86678,                0.93608,                0.79358,                0.94958,                0.85086,                0.90722,                0.86087,                0.73207,                0.37614,                0.00344,                0.50913,                 1.0496,             0.00033003,             0.00033003,             0.00033003
                    126,                0.27591,                0.03497,                0.01251,                0.19169,                0.81563,                0.96602,                0.86909,                0.93704,                0.79507,                 0.9462,                0.85384,                0.90707,                0.86213,                0.72922,                0.37728,                 0.0033,                0.50493,                 1.0478,             0.00032278,             0.00032278,             0.00032278
                    127,                0.26915,                0.03198,                0.01468,                0.18756,                 0.8035,                0.96432,                0.86659,                0.93707,                0.79561,                0.94533,                0.85105,                0.90838,                0.86328,                0.72967,                0.37604,                0.00327,                0.50976,                 1.0471,             0.00031557,             0.00031557,             0.00031557
                    128,                 0.2818,                0.03749,                0.01701,                0.19213,                0.81246,                0.96533,                 0.8652,                0.93643,                0.79474,                0.94709,                0.84987,                0.90707,                0.86245,                0.72995,                  0.376,                0.00336,                0.50848,                 1.0479,             0.00030841,             0.00030841,             0.00030841
                    129,                 0.2774,                 0.0434,                0.01483,                0.18927,                0.80908,                0.97581,                0.85782,                 0.9368,                  0.794,                0.95491,                0.84042,                0.90532,                0.86182,                0.72991,                0.37815,                0.00335,                  0.508,                 1.0487,              0.0003013,              0.0003013,              0.0003013
                    130,                0.27098,                0.05497,                0.01398,                0.18786,                0.80882,                0.96807,                0.86527,                0.93717,                0.79466,                0.94674,                0.84613,                0.90433,                0.86154,                0.73008,                0.38396,                0.00351,                0.50114,                 1.0502,             0.00029424,             0.00029424,             0.00029424
                    131,                0.26288,                0.04753,                0.01358,                0.18123,                0.80315,                0.96773,                0.86479,                0.93719,                 0.7947,                0.94771,                0.84689,                0.90792,                0.86192,                0.73222,                0.38336,                0.00348,                0.50353,                 1.0518,             0.00028723,             0.00028723,             0.00028723
                    132,                0.26797,                0.03579,                0.01405,                0.18403,                0.80768,                0.97832,                0.85757,                0.93775,                0.79571,                0.95966,                0.84067,                 0.9091,                 0.8625,                 0.7329,                0.38396,                0.00362,                0.50509,                 1.0528,             0.00028027,             0.00028027,             0.00028027
                    133,                0.26905,                0.04348,                0.01114,                 0.1835,                0.80319,                0.97899,                0.85704,                0.93762,                  0.796,                0.95914,                0.84015,                0.90815,                0.86333,                0.73219,                0.38046,                 0.0038,                0.50378,                 1.0529,             0.00027337,             0.00027337,             0.00027337
                    134,                0.26613,                0.04866,                0.01233,                0.18194,                0.80279,                0.97927,                0.85699,                  0.938,                0.79589,                0.95795,                0.83992,                0.90805,                0.86383,                0.73317,                0.38138,                 0.0038,                0.50375,                 1.0534,             0.00026653,             0.00026653,             0.00026653
                    135,                 0.2731,                0.03936,                0.02103,                0.18819,                0.80172,                 0.9782,                0.85876,                0.93833,                0.79656,                0.95781,                0.84075,                0.90884,                0.86463,                0.73368,                0.38111,                0.00376,                0.50535,                 1.0532,             0.00025975,             0.00025975,             0.00025975
                    136,                0.27807,                0.03625,                0.01649,                0.18824,                0.80442,                0.96701,                0.86692,                0.93907,                0.79709,                0.94727,                0.84937,                0.91069,                0.86676,                0.73481,                0.38033,                0.00386,                0.50518,                 1.0545,             0.00025302,             0.00025302,             0.00025302
                    137,                0.26107,                0.03325,                0.01103,                0.18248,                0.80466,                0.96801,                0.86491,                0.93813,                0.79648,                0.94794,                0.84787,                0.91032,                0.86603,                0.73412,                0.38037,                 0.0038,                0.50662,                 1.0533,             0.00024636,             0.00024636,             0.00024636
                    138,                0.25926,                0.03655,                0.01351,                0.17651,                0.80009,                0.96908,                0.86469,                0.93785,                0.79648,                0.94931,                0.84732,                0.90975,                0.86588,                0.73339,                0.38178,                0.00371,                0.50487,                 1.0523,             0.00023977,             0.00023977,             0.00023977
                    139,                0.25936,                0.04401,                0.01469,                0.18193,                0.80421,                0.97316,                0.86229,                 0.9381,                0.79637,                0.94965,                0.84853,                 0.9097,                 0.8657,                0.73341,                0.38457,                0.00388,                0.50446,                 1.0521,             0.00023323,             0.00023323,             0.00023323
                    140,                0.26137,                0.03896,                0.01068,                0.18019,                0.80486,                0.96985,                0.86368,                0.93777,                 0.7956,                0.94775,                0.85036,                0.91017,                0.86579,                0.73248,                0.38333,                  0.004,                 0.5069,                 1.0505,             0.00022677,             0.00022677,             0.00022677
                    141,                0.26555,                0.03268,                0.01612,                0.18087,                0.81084,                0.96777,                0.86552,                0.93698,                0.79531,                0.94737,                0.84986,                0.90911,                0.86559,                0.73157,                0.38151,                0.00398,                0.51112,                 1.0493,             0.00022037,             0.00022037,             0.00022037
                    142,                0.25516,                0.03902,                 0.0158,                0.17713,                0.80373,                0.96928,                0.86286,                0.93652,                0.79558,                0.94735,                0.84983,                0.90888,                 0.8657,                0.73039,                0.38395,                 0.0041,                0.51151,                 1.0487,             0.00021405,             0.00021405,             0.00021405
                    143,                0.26112,                0.03064,                0.01539,                0.18209,                0.80469,                0.96874,                0.86282,                0.93636,                0.79515,                0.94918,                0.84738,                0.90914,                0.86549,                0.73085,                0.38467,                0.00411,                0.51521,                 1.0492,             0.00020779,             0.00020779,             0.00020779
                    144,                0.26282,                0.04226,                0.01111,                0.17879,                0.80148,                0.96851,                0.86384,                0.93684,                0.79569,                0.94773,                0.84722,                 0.9085,                0.86565,                0.73055,                0.38397,                0.00398,                0.51346,                 1.0497,             0.00020161,             0.00020161,             0.00020161
                    145,                0.25605,                0.03863,                0.01123,                0.17342,                0.80109,                0.96823,                0.86352,                0.93679,                0.79547,                0.94745,                0.84706,                0.90757,                0.86509,                 0.7318,                0.38263,                0.00392,                0.51526,                 1.0506,              0.0001955,              0.0001955,              0.0001955
                    146,                0.26124,                0.03142,                0.01197,                0.18157,                0.80523,                0.96877,                0.86362,                0.93647,                0.79533,                0.94711,                0.84564,                0.90742,                0.86556,                 0.7325,                0.38274,                0.00382,                0.51539,                 1.0513,             0.00018948,             0.00018948,             0.00018948
                    147,                0.25663,                0.03326,                0.01594,                0.17276,                0.80468,                0.96765,                0.86252,                0.93581,                0.79509,                0.94726,                0.84489,                0.90714,                0.86475,                0.73278,                0.38338,                0.00381,                0.51819,                 1.0514,             0.00018352,             0.00018352,             0.00018352
                    148,                0.25902,                0.03654,                0.01216,                0.17959,                0.79757,                0.96845,                0.86223,                0.93542,                0.79433,                0.94673,                0.84464,                0.90576,                0.86318,                0.73377,                0.38271,                0.00382,                0.51905,                  1.052,             0.00017765,             0.00017765,             0.00017765
                    149,                 0.2558,                0.04534,                0.01115,                0.17324,                0.79744,                0.96741,                0.86155,                0.93534,                  0.794,                0.94706,                0.84483,                0.90649,                0.86357,                0.73358,                0.38306,                 0.0037,                0.51897,                 1.0516,             0.00017186,             0.00017186,             0.00017186
                    150,                0.25753,                0.04279,                0.01998,                0.17468,                0.80134,                0.96785,                0.86066,                0.93532,                0.79391,                0.94761,                 0.8453,                 0.9074,                 0.8641,                0.73326,                0.38275,                0.00362,                0.51879,                 1.0515,             0.00016615,             0.00016615,             0.00016615
                    151,                0.25952,                 0.0336,                0.01099,                0.17328,                0.79963,                0.96822,                0.86055,                 0.9354,                0.79374,                0.94754,                0.84401,                0.90706,                0.86372,                0.73422,                0.38307,                0.00365,                0.52053,                 1.0523,             0.00016052,             0.00016052,             0.00016052
                    152,                0.26084,                0.03265,                0.01418,                0.17551,                0.80162,                0.96814,                0.86098,                0.93511,                0.79324,                0.94767,                0.84365,                0.90696,                0.86438,                0.73319,                0.38287,                 0.0037,                0.52145,                 1.0513,             0.00015498,             0.00015498,             0.00015498
                    153,                0.24898,                0.03731,                0.01414,                0.16905,                0.79987,                0.96927,                 0.8608,                0.93569,                0.79364,                 0.9489,                0.84474,                0.90757,                0.86509,                0.73292,                  0.383,                0.00368,                0.52309,                 1.0512,             0.00014953,             0.00014953,             0.00014953
                    154,                0.25426,                0.02847,                 0.0106,                0.17163,                0.80102,                0.96975,                0.86056,                0.93613,                0.79401,                0.94888,                 0.8439,                0.90777,                0.86538,                0.73359,                0.38319,                0.00361,                0.52204,                 1.0517,             0.00014416,             0.00014416,             0.00014416
                    155,                0.25017,                0.03627,                0.00958,                0.16783,                0.80214,                0.97051,                 0.8603,                0.93592,                0.79335,                0.94961,                 0.8431,                0.90759,                0.86485,                0.73317,                 0.3837,                0.00358,                0.52234,                 1.0516,             0.00013888,             0.00013888,             0.00013888
                    156,                0.25179,                0.03978,                0.01199,                0.16932,                0.80003,                0.96968,                0.86055,                0.93542,                0.79338,                0.94877,                0.84216,                0.90644,                0.86428,                0.73296,                0.38388,                0.00355,                0.52179,                 1.0516,              0.0001337,              0.0001337,              0.0001337
                    157,                0.24783,                0.02764,                0.01137,                0.16932,                0.79938,                0.97106,                 0.8592,                0.93541,                0.79341,                0.94878,                0.84261,                0.90603,                0.86406,                0.73323,                0.38402,                0.00361,                0.52214,                 1.0516,              0.0001286,              0.0001286,              0.0001286
                    158,                0.25295,                0.04054,                0.01895,                0.17078,                0.79989,                0.97102,                0.85906,                0.93538,                0.79305,                0.94959,                0.84285,                0.90691,                0.86432,                0.73316,                0.38321,                0.00359,                0.52319,                 1.0517,              0.0001236,              0.0001236,              0.0001236
                    159,                0.24498,                0.03624,                0.00867,                0.16815,                0.80151,                0.97049,                0.85836,                0.93548,                0.79356,                0.94827,                0.84293,                0.90734,                0.86473,                0.73302,                0.38297,                0.00357,                0.52412,                 1.0516,             0.00011869,             0.00011869,             0.00011869
                    160,                0.25426,                0.02767,                0.01075,                0.16723,                0.80368,                0.96869,                0.86055,                0.93577,                0.79429,                0.94807,                0.84416,                0.90757,                0.86485,                0.73272,                0.38308,                0.00355,                0.52241,                 1.0515,             0.00011387,             0.00011387,             0.00011387
                    161,                 0.2478,                0.03144,                0.01387,                0.16808,                0.79735,                0.96891,                0.85881,                0.93544,                0.79372,                0.94694,                0.84284,                 0.9065,                 0.8645,                0.73235,                0.38372,                 0.0035,                0.52268,                 1.0514,             0.00010916,             0.00010916,             0.00010916
                    162,                0.25239,                0.03826,                0.01296,                0.17177,                  0.794,                0.96939,                0.85809,                0.93546,                0.79371,                0.94699,                0.84216,                 0.9064,                0.86417,                0.73209,                0.38399,                0.00351,                0.52185,                 1.0514,             0.00010454,             0.00010454,             0.00010454
                    163,                0.24391,                0.04312,                 0.0125,                0.16154,                0.79067,                0.96912,                0.85732,                0.93544,                 0.7941,                0.94698,                0.84241,                0.90663,                0.86425,                0.73238,                0.38381,                0.00349,                0.52321,                 1.0516,             0.00010002,             0.00010002,             0.00010002
                    164,                0.24968,                0.02591,                0.01047,                0.16796,                0.80092,                0.96758,                0.85981,                0.93562,                 0.7937,                0.94536,                  0.843,                0.90656,                0.86472,                0.73245,                0.38432,                0.00346,                0.52289,                 1.0516,             9.5595e-05,             9.5595e-05,             9.5595e-05
                    165,                0.25233,                 0.0319,                0.00714,                 0.1665,                0.79939,                0.96733,                 0.8603,                0.93594,                0.79432,                 0.9467,                 0.8434,                0.90805,                 0.8652,                0.73191,                0.38378,                0.00345,                0.52292,                 1.0513,             9.1275e-05,             9.1275e-05,             9.1275e-05
                    166,                0.24924,                0.03508,                0.00883,                0.16347,                0.79638,                0.96759,                0.86073,                0.93594,                0.79444,                 0.9467,                 0.8439,                0.90767,                0.86524,                0.73198,                0.38326,                0.00345,                0.52256,                 1.0516,             8.7058e-05,             8.7058e-05,             8.7058e-05
                    167,                0.24257,                 0.0277,                0.01096,                0.16479,                0.79516,                0.96652,                0.86109,                0.93574,                0.79452,                0.94645,                0.84344,                 0.9078,                0.86534,                0.73214,                0.38025,                0.00347,                0.52197,                 1.0516,             8.2943e-05,             8.2943e-05,             8.2943e-05
                    168,                0.24002,                0.03009,                0.00977,                0.16355,                0.79132,                 0.9676,                0.86122,                0.93561,                0.79431,                0.94725,                0.84372,                0.90776,                0.86546,                0.73212,                0.38043,                0.00342,                0.52135,                 1.0518,             7.8933e-05,             7.8933e-05,             7.8933e-05
                    169,                0.24376,                0.02435,                 0.0132,                  0.165,                0.80022,                0.96788,                0.86132,                0.93567,                0.79442,                 0.9475,                0.84333,                0.90694,                0.86557,                0.73175,                0.37963,                0.00345,                 0.5205,                 1.0515,             7.5027e-05,             7.5027e-05,             7.5027e-05
                    170,                0.25083,                0.03252,                0.01183,                0.16804,                0.80067,                0.97035,                0.85931,                 0.9358,                0.79518,                0.94694,                 0.8439,                0.90712,                0.86609,                0.73217,                0.37915,                0.00346,                0.52113,                 1.0516,             7.1228e-05,             7.1228e-05,             7.1228e-05
                    171,                0.23753,                0.03106,                0.00811,                0.15765,                0.79383,                0.97107,                0.85944,                0.93589,                0.79523,                0.94699,                0.84371,                0.90715,                0.86622,                0.73225,                0.37873,                0.00343,                0.52083,                 1.0519,             6.7536e-05,             6.7536e-05,             6.7536e-05
                    172,                0.24479,                0.02482,                0.00912,                0.16317,                0.79632,                0.97011,                0.85906,                0.93586,                0.79475,                0.94932,                0.84265,                0.90747,                0.86583,                0.73224,                0.37875,                0.00345,                0.52028,                 1.0521,             6.3952e-05,             6.3952e-05,             6.3952e-05
                    173,                0.24464,                0.03995,                0.01229,                0.16498,                0.79608,                0.97026,                0.85975,                0.93617,                0.79537,                0.94801,                0.84309,                0.90766,                0.86586,                0.73217,                0.37865,                0.00347,                0.51934,                 1.0521,             6.0476e-05,             6.0476e-05,             6.0476e-05
                    174,                0.23969,                 0.0313,                0.01221,                0.16352,                0.80433,                 0.9706,                0.85906,                0.93636,                0.79553,                0.94827,                0.84289,                0.90792,                0.86636,                0.73233,                0.37833,                0.00345,                 0.5202,                  1.052,             5.7111e-05,             5.7111e-05,             5.7111e-05
                    175,                0.23905,                0.03024,                0.01377,                0.16207,                0.80023,                 0.9705,                0.85867,                0.93616,                0.79521,                0.94827,                 0.8429,                0.90767,                0.86632,                0.73219,                0.37858,                0.00348,                0.51977,                 1.0522,             5.3855e-05,             5.3855e-05,             5.3855e-05
                    176,                0.23073,                0.02927,                0.01012,                0.15461,                0.79486,                0.97076,                0.85813,                0.93633,                0.79578,                0.94878,                0.84259,                0.90852,                0.86663,                0.73238,                0.37961,                0.00367,                0.52055,                 1.0522,             5.0711e-05,             5.0711e-05,             5.0711e-05
                    177,                0.23312,                0.02615,                0.00983,                0.15716,                0.80413,                0.97052,                0.85928,                0.93638,                 0.7959,                0.94902,                 0.8422,                0.90847,                0.86628,                0.73231,                0.38141,                0.00366,                0.52015,                 1.0521,              4.768e-05,              4.768e-05,              4.768e-05
                    178,                0.24086,                0.03521,                0.01216,                0.15938,                0.79657,                0.97002,                0.85881,                0.93636,                  0.796,                0.94903,                0.84228,                0.90847,                 0.8664,                0.73194,                0.38283,                0.00368,                0.52036,                 1.0519,             4.4761e-05,             4.4761e-05,             4.4761e-05
                    179,                  0.242,                0.02912,                0.01416,                0.16041,                0.79251,                0.96965,                0.85956,                0.93615,                0.79584,                  0.948,                 0.8434,                0.90829,                 0.8664,                0.73188,                0.38222,                0.00366,                0.52145,                  1.052,             4.1955e-05,             4.1955e-05,             4.1955e-05
                    180,                0.24446,                0.03832,                0.01413,                 0.1624,                0.79673,                0.97019,                0.85881,                0.93622,                 0.7958,                0.94826,                0.84272,                0.90834,                0.86659,                 0.7318,                0.38228,                0.00365,                0.52079,                 1.0519,             3.9264e-05,             3.9264e-05,             3.9264e-05
                    181,                0.24071,                0.02983,                0.01059,                0.15902,                0.79365,                0.97015,                0.85881,                0.93619,                0.79593,                0.94823,                 0.8429,                0.90828,                0.86647,                0.73135,                0.38177,                0.00355,                 0.5219,                 1.0515,             3.6688e-05,             3.6688e-05,             3.6688e-05
                    182,                0.23976,                0.02955,                0.01045,                0.15824,                0.79581,                0.97043,                0.85856,                0.93615,                 0.7957,                0.94893,                 0.8429,                0.90849,                0.86665,                0.73138,                0.38045,                0.00354,                0.52216,                 1.0515,             3.4227e-05,             3.4227e-05,             3.4227e-05
                    183,                0.24658,                0.02321,                0.01016,                0.16354,                0.80525,                0.97024,                0.85888,                0.93613,                0.79577,                0.94902,                0.84265,                0.90861,                0.86702,                0.73126,                0.38055,                0.00355,                0.52175,                 1.0515,             3.1882e-05,             3.1882e-05,             3.1882e-05
                    184,                0.23249,                0.03748,                0.01011,                0.15864,                0.79385,                0.96997,                0.85906,                 0.9361,                0.79625,                0.94798,                0.84258,                0.90792,                0.86677,                0.73112,                 0.3801,                0.00358,                0.52202,                 1.0514,             2.9655e-05,             2.9655e-05,             2.9655e-05
                    185,                0.23518,                0.03168,                0.01927,                0.15823,                0.80229,                0.96968,                0.85863,                0.93617,                0.79613,                0.94817,                0.84315,                0.90796,                0.86691,                0.73109,                 0.3813,                0.00358,                0.52185,                 1.0514,             2.7544e-05,             2.7544e-05,             2.7544e-05
                    186,                0.24201,                0.03068,                0.01039,                 0.1615,                0.79403,                0.96968,                0.85863,                0.93631,                0.79682,                0.94882,                0.84337,                0.90827,                0.86683,                0.73088,                0.37987,                0.00357,                0.52168,                 1.0516,             2.5551e-05,             2.5551e-05,             2.5551e-05
